sku,nombre,familia,existencia,precio
S-100,Sobre Minino salmón a la plancha 85gr,Ganador Minino,1056,10
S-101,Sobre Minino carnitas atún 85gr,Ganador Minino,912,10
S-102,Sobre Minino pavo ahumado 85gr,Ganador Minino,1128,10
S-103,Sobre Minino pollo en caldo 85gr,Ganador Minino,1224,10
S-104,Sobre Ganador pollo cacerola 100gr,Ganador Minino,660,10
S-105,Sobre Ganador delicias pavo 100gr,Ganador Minino,1034,10
S-106,Sobre Ganador lomo cerdo 100gr,Ganador Minino,1056,10
S-107,Sobre Ganador estofado pato 100gr,Ganador Minino,1012,10
S-108,Costal Minino 15 kilos,Ganador Minino,197,579
S-109,Costal Ganador adulto 15 kilos,Ganador Minino,43,900
S-110,Costal Ganador cachorro 20 kilos,Ganador Minino,44,649
S-111,Costal Poder Canino 20 kilos,Ganador Minino,94,423
S-112,Ganador adulto 500 gr,Ganador Minino,190,30
S-113,Ganador cachorro 500 gr,Ganador Minino,170,30
S-114,Razas pequeñas 500 gr,Ganador Minino,180,30
E-100,Botana surtida 15 pza,Botanas Javi,144,90
E-101,Palomita queso 15 pza,Botanas Javi,132,90
E-102,Churritos fuego 50 gr 10 pza,Botanas Javi,30,100
T-100,Sopa Maruchan habanero,Sopa Maruchan,115,160
T-101,Sopa Maruchan piquín,Sopa Maruchan,180,160
T-102,Sopa Maruchan camarón,Sopa Maruchan,48,160
V-100,Salsa clásica botanera 430 gr,Mega Alimentos,0,17
V-101,Mega chamoy 370 gr,Mega Alimentos,912,18
F-100,Candy box 1 kilo,Dulcería Valdez,0,187
F-101,Rebanadas Tueni gomitas 1.35 gr,Dulcería Valdez,0,160
